,year,participation,edition,DIRECTING,FILM EDITING,ACTOR IN A SUPPORTING ROLE,ACTRESS IN A SUPPORTING ROLE,DOCUMENTARY (Short Subject),DOCUMENTARY (Feature),CINEMATOGRAPHY,FOREIGN LANGUAGE FILM,HONORARY AWARD,ART DIRECTION,BEST PICTURE,COSTUME DESIGN,ACTRESS,ACTOR,SOUND,SHORT FILM (Animated),SHORT FILM (Live Action),MUSIC (Original Song),MUSIC (Original Score),ACTOR IN A LEADING ROLE,ACTRESS IN A LEADING ROLE,SHORT SUBJECT (Cartoon),IRVING G. THALBERG MEMORIAL AWARD,JEAN HERSHOLT HUMANITARIAN AWARD,VISUAL EFFECTS,MUSIC (Song),MAKEUP,SOUND RECORDING,CINEMATOGRAPHY (Black-and-White),CINEMATOGRAPHY (Color),SPECIAL EFFECTS,ART DIRECTION (Black-and-White),ART DIRECTION (Color),WRITING (Original Screenplay),WRITING (Screenplay Written Directly for the Screen),SHORT SUBJECT (One-reel),WRITING (Screenplay),SHORT SUBJECT (Two-reel),MUSIC (Scoring of a Musical Picture),MUSIC (Music Score of a Dramatic or Comedy Picture),WRITING (Screenplay--based on material from another medium),SPECIAL AWARD,BEST MOTION PICTURE,SOUND EDITING,SHORT SUBJECT (Live Action),COSTUME DESIGN (Black-and-White),COSTUME DESIGN (Color),SOUND EFFECTS EDITING,ANIMATED FEATURE FILM,WRITING (Adapted Screenplay),SOUND MIXING,WRITING (Screenplay Based on Material from Another Medium),WRITING (Original Story),WRITING (Story and Screenplay--written directly for the screen),OUTSTANDING PRODUCTION,WRITING (Screenplay Based on Material Previously Produced or Published),WRITING (Motion Picture Story),SPECIAL ACHIEVEMENT AWARD (Visual Effects),SPECIAL VISUAL EFFECTS,MUSIC (Original Dramatic Score),MUSIC (Scoring),WRITING (Story and Screenplay),MUSIC (Scoring of Music--adaptation or treatment),SOUND EFFECTS,MAKEUP AND HAIRSTYLING,WRITING (Adaptation),MUSIC (Song--Original for the Picture),PRODUCTION DESIGN,WRITING (Original Motion Picture Story),ASSISTANT DIRECTOR,HONORARY FOREIGN LANGUAGE FILM AWARD,SHORT SUBJECT (Comedy),WRITING (Story and Screenplay--based on factual material or material not previously published or produced),MUSIC (Music Score--substantially original),SPECIAL ACHIEVEMENT AWARD (Sound Effects Editing),MUSIC (Original Musical or Comedy Score),SHORT SUBJECT (Novelty),OUTSTANDING MOTION PICTURE,SPECIAL ACHIEVEMENT AWARD,SHORT SUBJECT (Animated),MUSIC (Scoring: Original Song Score and Adaptation -or- Scoring: Adaptation),DANCE DIRECTION,WRITING,SPECIAL FOREIGN LANGUAGE FILM AWARD,WRITING (Screenplay Adapted from Other Material),MUSIC (Original Music Score),WRITING (Screenplay Written Directly for the Screen--based on factual material or on story material not previously published or produced),MUSIC (Original Score--for a motion picture [not a musical]),MUSIC (Original Song Score and Its Adaptation -or- Adaptation Score),MUSIC (Original Song Score and Its Adaptation or Adaptation Score),MUSIC (Original Song Score),MUSIC (Score of a Musical Picture--original or adaptation),SHORT SUBJECT (Color),MUSIC (Scoring: Adaptation and Original Song Score),OUTSTANDING PICTURE,WRITING (Screenplay--Adapted),WRITING (Story and Screenplay--based on material not previously published or produced),WRITING (Screenplay--Original),ENGINEERING EFFECTS,UNIQUE AND ARTISTIC PICTURE,SPECIAL ACHIEVEMENT AWARD (Sound Effects),SPECIAL ACHIEVEMENT AWARD (Sound Editing),DOCUMENTARY,SHORT FILM (Dramatic Live Action),MUSIC (Original Song Score or Adaptation Score),MUSIC (Music Score of a Dramatic Picture),MUSIC (Adaptation Score),DIRECTING (Comedy Picture),DIRECTING (Dramatic Picture),WRITING (Title Writing)
0,1929,13,1,,,,,,,Sunrise,,,William Cameron Menzies,,,Janet Gaynor,Emil Jannings,,,,,,,,,,,,,,,,,,,,,,,,,,,,,,,,,,,,,,,Underworld,,,,,,,,,,,,,7th Heaven,,,,,,,,,,,,,,,,,,,,,,,,,,,,,Paramount Famous Lasky,,,,Roy Pomeroy,Fox,,,,,,,,Lewis Milestone,Frank Borzage,
1,1930,7,2,Frank Lloyd,,,,,,White Shadows in the South Seas,,,Cedric Gibbons,,,Mary Pickford,Warner Baxter,,,,,,,,,,,,,,,,,,,,,,,,,,,,,,,,,,,,,,,,,,,,,,,,,,,,,,,,,,,,,,,,,,,,,The Patriot,,,,,,,,,,,,Metro-Goldwyn-Mayer,,,,,,,,,,,,,,,
2,1931,8,3,Lewis Milestone,,,,,,With Byrd at the South Pole,,,Herman Rosse,,,Norma Shearer,George Arliss,,,,,,,,,,,,,,The Big House,,,,,,,,,,,,,,,,,,,,,,,,,,,All Quiet on the Western Front,,,,,,,,,,,,,,,,,,,,,,,,,,,,The Big House,,,,,,,,,,,,,,,,,,,,,,,,,,,
3,1932,9,4,Norman Taurog,,,,,,Tabu,,,Max Rée,,,Marie Dressler,Lionel Barrymore,,,,,,,,,,,,,,,,,,,,,,,,,,,,,,,,,,,,,,,The Dawn Patrol,,Cimarron,,,,,,,,,,,Cimarron,,,,,,,,,,,,,,,,,,,,,,,,,,,,,,,,,,,,,,,,,,,,
4,1933,13,5,Frank Borzage,,,,,,Shanghai Express,,,Gordon Wiles,,,Helen Hayes,Wallace Beery,,,,,,,,Flowers and Trees,,,,,,,,,,,,,,,,,,,,,,,,,,,,,,,The Champ,,Grand Hotel,,,,,,,,,,,Bad Girl,,,,,,The Music Box,,,,,Wrestling Swordfish,,,,,,,,,,,,,,,,,,,,,,,,,,,,,,,,,
5,1934,13,6,Frank Lloyd,,,,,,A Farewell to Arms,,,William S. Darling,,,Katharine Hepburn,Charles Laughton,,,,,,,,The Three Little Pigs,,,,,,A Farewell to Arms,,,,,,,,,,,,,,,,,,,,,,,,,One Way Passage,,Cavalcade,,,,,,,,,,,Little Women,,,,William Tummel (Fox),,So This Is Harris,,,,,Krakatoa,,,,,,,,,,,,,,,,,,,,,,,,,,,,,,,,,
6,1935,17,7,Frank Capra,Eskimo,,,,,Cleopatra,,,"Cedric Gibbons, Fredric Hope",,,Claudette Colbert,Clark Gable,,,,,,,,The Tortoise and the Hare,,,,The Gay Divorcee,,One Night of Love,,,,,,,,,,,,,,,,,,,,,,,,,Manhattan Melodrama,,It Happened One Night,,,,,,One Night of Love,,,,,It Happened One Night,,,,John Waters,,La Cucaracha,,,,,City of Wax,,,,,,,,,,,,,,,,,,,,,,,,,,,,,,,,,
7,1936,18,8,John Ford,A Midsummer Night's Dream,,,,,A Midsummer Night's Dream,,,Richard Day,,,Bette Davis,Victor McLaglen,,,,,,,,Three Orphan Kittens,,,,Gold Diggers of 1935,,Naughty Marietta,,,,,,,,,The Informer,,,,,,,,,,,,,,,,The Scoundrel,,Mutiny on the Bounty,,,,,,The Informer,,,,,,,,,"Clem Beauchamp, Paul Wing",,How to Sleep,,,,,Wings over Mt. Everest,,,,,Dave Gould,,,,,,,,,,,,,,,,,,,,,,,,,,,,
8,1937,21,9,Frank Capra,Anthony Adverse,Walter Brennan,Gale Sondergaard,,,Anthony Adverse,,,Richard Day,,,Luise Rainer,Paul Muni,,,,,,,,The Country Cousin,,,,Swing Time,,San Francisco,,,,,,,,Bored of Education,The Story of Louis Pasteur,The Public Pays,,,,,,,,,,,,,,,The Story of Louis Pasteur,,The Great Ziegfeld,,,,,,Anthony Adverse,,,,,,,,,Jack Sullivan,,,,,,,,,,,,Seymour Felix,,,,,,,,,,,Give Me Liberty,,,,,,,,,,,,,,,,,
9,1938,22,10,Leo McCarey,Lost Horizon,Joseph Schildkraut,Alice Brady,,,The Good Earth,,,Stephen Goosson,,,Luise Rainer,Spencer Tracy,,,,,,,,The Old Mill,,,,Waikiki Wedding,,The Hurricane,,,,,,,,The Private Life of the Gannets,The Life of Emile Zola,Torture Money,,,,,,,,,,,,,,,A Star Is Born,,The Life of Emile Zola,,,,,,One Hundred Men and a Girl,,,,,,,,,Robert Webb,,,,,,,,,,,,Hermes Pan,,,,,,,,,,,Penny Wisdom,,,,,,,,,,,,,,,,,
10,1939,20,11,Frank Capra,The Adventures of Robin Hood,Walter Brennan,Fay Bainter,,,The Great Waltz,,,Carl J. Weyl,,,Bette Davis,Spencer Tracy,,,,,The Adventures of Robin Hood,,,Ferdinand the Bull,,,,The Big Broadcast of 1938,,The Cowboy and the Lady,,,,,,,,That Mothers Might Live,Pygmalion,Declaration of Independence,,,,,,,,,,,,,,,Boys Town,,You Can't Take It with You,,,,,,Alexander's Ragtime Band,,,,,,,,,,,,,,,,,,,,,,,,,,,,,,,,,,,,,,,,,,,,,,,,,
11,1940,22,12,Victor Fleming,Gone with the Wind,Thomas Mitchell,Hattie McDaniel,,,,,,Lyle Wheeler,,,Vivien Leigh,Robert Donat,,,,,The Wizard of Oz,,,The Ugly Duckling,,,,The Wizard of Oz,,When Tomorrow Comes,Wuthering Heights,Gone with the Wind,"Fred Sersen, E. H. Hansen",,,,,Busy Little Bears,Gone with the Wind,Sons of Liberty,,,,,,,,,,,,,,,Mr. Smith Goes to Washington,,Gone with the Wind,,,,,,Stagecoach,,,,,,,,,,,,,,,,,,,,,,,,,,,,,,,,,,,,,,,,,,,,,,,,,
12,1941,23,13,John Ford,North West Mounted Police,Walter Brennan,Jane Darwell,,,,,,,,,Ginger Rogers,James Stewart,,,,,Pinocchio,,,The Milky Way,,,,Pinocchio,,Strike Up the Band,Rebecca,The Thief of Bagdad,Photographic Effects by Lawrence Butler; Sound Effects by Jack Whitney,"Cedric Gibbons, Paul Groesse",Vincent Korda,The Great McGinty,,Quicker 'N a Wink,The Philadelphia Story,"Teddy, the Rough Rider",,,,,,,,,,,,,,,"Arise, My Love",,Rebecca,,,,,,Tin Pan Alley,,,,,,,,,,,,,,,,,,,,,,,,,,,,,,,,,,,,,,,,,,,,,,,,,
13,1942,25,14,John Ford,Sergeant York,Donald Crisp,Mary Astor,Churchill's Island,,,,,,,,Joan Fontaine,Gary Cooper,,,,,,,,Lend a Paw,,,,Lady Be Good,,That Hamilton Woman,How Green Was My Valley,Blood and Sand,"Photographic Effects by Farciot Edouart, Gordon Jennings; Sound Effects by Louis Mesenkop","Art Direction:  Richard Day, Nathan Juran;  Interior Decoration:  Thomas Little","Art Direction:  Cedric Gibbons, Urie McCleary;  Interior Decoration:  Edwin B. Willis",Citizen Kane,,Of Pups and Puzzles,Here Comes Mr. Jordan,Main Street on the March!,Dumbo,,,,,,,,,,,,,,Here Comes Mr. Jordan,,,,,,,,,,,,,,,,,,,,,,,,,20th Century-Fox,,,,,,,,,,,,,,,,,,,,,,,,,,,,All That Money Can Buy,,,,
14,1943,25,15,William Wyler,The Pride of the Yankees,Van Heflin,Teresa Wright,,,,,,,,,Greer Garson,James Cagney,,,,,,,,Der Fuehrer's Face,,,,Holiday Inn,,Yankee Doodle Dandy,Mrs. Miniver,The Black Swan,"Photographic Effects by Gordon Jennings, Farciot Edouart, William L. Pereira; Sound Effects by Louis Mesenkop","Art Direction:  Richard Day, Joseph Wright;  Interior Decoration:  Thomas Little","Art Direction:  Richard Day, Joseph Wright;  Interior Decoration:  Thomas Little",Woman of the Year,,Speaking of Animals and Their Families,Mrs. Miniver,Beyond the Line of Duty,Yankee Doodle Dandy,"Now, Voyager",,,,,,,,,,,,,,,,,,,,,,,,,,,,,The Invaders,,,,,,,,,Metro-Goldwyn-Mayer,,,,,,,,,,,,,,,,,,,,,,,,,The Battle of Midway,,,,,,,
15,1944,26,16,Michael Curtiz,Air Force,Charles Coburn,Katina Paxinou,December 7th,Desert Victory,,,,,,,Jennifer Jones,Paul Lukas,,,,,,,,Yankee Doodle Mouse,,,,"Hello, Frisco, Hello",,This Land Is Mine,The Song of Bernadette,Phantom of the Opera,Photographic Effects by Fred Sersen; Sound Effects by Roger Heman,"Art Direction:  James Basevi, William Darling;  Interior Decoration:  Thomas Little","Art Direction:  John B. Goodman, Alexander Golitzen;  Interior Decoration:  Russell A. Gausman, Ira S. Webb",Princess O'Rourke,,Amphibious Fighters,Casablanca,Heavenly Music,This Is the Army,The Song of Bernadette,,,,,,,,,,,,,,,,,,,,,,,,,,,,,The Human Comedy,,,,,,,,,Warner Bros.,,,,,,,,,,,,,,,,,,,,,,,,,,,,,,,,
16,1945,26,17,Leo McCarey,Wilson,Barry Fitzgerald,Ethel Barrymore,With the Marines at Tarawa,The Fighting Lady,,,,,,,Ingrid Bergman,Bing Crosby,,,,,,,,Mouse Trouble,,,,Going My Way,,Wilson,Laura,Wilson,"Photographic Effects by A. Arnold Gillespie, Donald Jahraus, Warren Newcombe; Sound Effects by Douglas Shearer","Art Direction:  Cedric Gibbons, William Ferrari;  Interior Decoration:  Edwin B. Willis, Paul Huldschinsky",Art Direction:  Wiard Ihnen;  Interior Decoration:  Thomas Little,Wilson,,Who's Who in Animal Land,Going My Way,I Won't Play,Cover Girl,Since You Went Away,,,Paramount,,,,,,,,,,,,,,,,,,,,,,,,,,Going My Way,,,,,,,,,,,,,,,,,,,,,,,,,,,,,,,,,,,,,,,,,
17,1946,25,18,Billy Wilder,National Velvet,James Dunn,Anne Revere,Hitler Lives?,The True Glory,,,,,,,Joan Crawford,Ray Milland,,,,,,,,Quiet Please!,,,,State Fair,,The Bells of St. Mary's,The Picture of Dorian Gray,Leave Her to Heaven,Photographic Effects by John Fulton; Sound Effects by Arthur W. Johns,Art Direction:  Wiard Ihnen;  Interior Decoration:  A. Roland Fields,"Art Direction:  Hans Dreier, Ernst Fegte;  Interior Decoration:  Sam Comer",Marie-Louise,,Stairway to Light,The Lost Weekend,Star in the Night,Anchors Aweigh,Spellbound,,,Paramount,,,,,,,,,,,,,,,,,,,,,,,,,,The House on 92nd Street,,,,,,,,,,,,,,,,,,,,,,,,,,,,,,,,,,,,,,,,,
18,1947,25,19,William Wyler,The Best Years of Our Lives,Harold Russell,Anne Baxter,Seeds of Destiny,,,,,,,,Olivia de Havilland,Fredric March,,,,,,,,The Cat Concerto,,,,The Harvey Girls,,The Jolson Story,Anna and the King of Siam,The Yearling,Special Visual Effects by Thomas Howard,"Art Direction:  Lyle Wheeler, William Darling;  Interior Decoration:  Thomas Little, Frank E. Hughes","Art Direction:  Cedric Gibbons, Paul Groesse;  Interior Decoration:  Edwin B. Willis",The Seventh Veil,,Facing Your Danger,The Best Years of Our Lives,A Boy and His Dog,The Jolson Story,The Best Years of Our Lives,,,Samuel Goldwyn Productions,,,,,,,,,,,,,,,,,,,,,,,,,,Vacation from Marriage,,,,,,,,,,,,,,,,,,,,,,,,,,,,,,,,,,,,,,,,,
19,1948,25,20,Elia Kazan,Body and Soul,Edmund Gwenn,Celeste Holm,First Steps,Design for Death,,,,,,,Loretta Young,Ronald Colman,,,,,,,,Tweetie Pie,,,,Song of the South,,The Bishop's Wife,Great Expectations,Black Narcissus,"Special Visual Effects by A. Arnold Gillespie, Warren Newcombe; Special Audible Effects by Douglas Shearer, Michael Steinore",Art Direction:  John Bryan;  Set Decoration:  Wilfred Shingleton,Art Direction:  Alfred Junge;  Set Decoration:  Alfred Junge,The Bachelor and the Bobby-Soxer,,Good-bye Miss Turlock,Miracle on 34th Street,Climbing the Matterhorn,Mother Wore Tights,A Double Life,,,20th Century-Fox,,,,,,,,,,,,,,Miracle on 34th Street,,,,,,,,,,,,,,,,,,,,,,,,,,,,,,,,,,,,,,,,,,,,,,,,,,,,,
20,1949,28,21,John Huston,The Naked City,Walter Huston,Claire Trevor,Toward Independence,The Secret Land,,,,,,,Jane Wyman,Laurence Olivier,,,,,,,,The Little Orphan,,,,The Paleface,,The Snake Pit,The Naked City,Joan of Arc,"Special Visual Effects by Paul Eagler, J. McMillan Johnson, Russell Shearman, Clarence Slifer; Special Audible Effects by Charles Freeman, James G. Stewart",Art Direction:  Roger K. Furse;  Set Decoration:  Carmen Dillon,Art Direction:  Hein Heckroth;  Set Decoration:  Arthur Lawson,,,Symphony of a City,The Treasure of the Sierra Madre,Seal Island,Easter Parade,The Red Shoes,,,J. Arthur Rank-Two Cities Films,,,Roger K. Furse,"Dorothy Jeakins, Karinska",,,,,,,,,,The Search,,,,,,,,,,,,,,,,,,,,,,,,,,,,,,,,,,,,,,,,,,,,,,,,,,,,,
21,1950,28,22,Joseph L. Mankiewicz,Champion,Dean Jagger,Mercedes McCambridge,A Chance to Live,Daybreak in Udi,,,,,,,Olivia de Havilland,Broderick Crawford,,,,,,,,For Scent-Imental Reasons,,,,Neptune's Daughter,,Twelve O'Clock High,Battleground,She Wore a Yellow Ribbon,ARKO Productions,"Art Direction:  Harry Horner, John Meehan;  Set Decoration:  Emile Kuri","Art Direction:  Cedric Gibbons, Paul Groesse;  Set Decoration:  Edwin B. Willis, Jack D. Moore",,,Aquatic House-Party,A Letter to Three Wives,Van Gogh,On the Town,The Heiress,,,Robert Rossen Productions,,,"Edith Head, Gile Steele","Leah Rhodes, Travilla, Marjorie Best",,,,,,,,,,The Stratton Story,,,,,Battleground,,,,,,,,,,,,,,,,,,,,,,,,,,,,,,,,,,,,,,,,,,,,,,,,
22,1951,29,23,Joseph L. Mankiewicz,King Solomon's Mines,George Sanders,Josephine Hull,Why Korea?,The Titan: Story of Michelangelo,,,,,,,Judy Holliday,José Ferrer,,,,,,,,Gerald McBoing-Boing,,,,"Captain Carey, U.S.A.",,All about Eve,The Third Man,King Solomon's Mines,George Pal Productions,"Art Direction:  Hans Dreier, John Meehan;  Set Decoration:  Sam Comer, Ray Moyer","Art Direction:  Hans Dreier, Walter Tyler;  Set Decoration:  Sam Comer, Ray Moyer",,,Grandad of Races,All about Eve,In Beaver Valley,Annie Get Your Gun,Sunset Blvd.,,,20th Century-Fox,,,"Edith Head, Charles LeMaire","Edith Head, Dorothy Jeakins, Elois Jenssen, Gile Steele, Gwen Wakeling",,,,,,,,,,Panic in the Streets,,,,,Sunset Blvd.,,,,,,,,,,,,,,,,,,,,,,,,,,,,,,,,,,,,,,,,,,,,,,,,
23,1952,29,24,George Stevens,A Place in the Sun,Karl Malden,Kim Hunter,Benjy,Kon-Tiki,,,,,,,Vivien Leigh,Humphrey Bogart,,,,,,,,The Two Mouseketeers,,,,Here Comes the Groom,,The Great Caruso,A Place in the Sun,An American in Paris,Paramount,Art Direction:  Richard Day;  Set Decoration:  George James Hopkins,"Art Direction:  Cedric Gibbons, Preston Ames;  Set Decoration:  Edwin B. Willis, Keogh Gleason",,,World of Kids,A Place in the Sun,Nature's Half Acre,An American in Paris,A Place in the Sun,,,"Arthur Freed, Producer",,,Edith Head,"Orry-Kelly, Walter Plunkett, Irene Sharaff",,,,,,,,,,Seven Days to Noon,,,,,An American in Paris,,,,,,,,,,,,,,,,,,,,,,,,,,,,,,,,,,,,,,,,,,,,,,,,
24,1953,29,25,John Ford,High Noon,Anthony Quinn,Gloria Grahame,Neighbours,The Sea around Us,,,,,,,Shirley Booth,Gary Cooper,,,,,,,,Johann Mouse,,,,High Noon,,Breaking the Sound Barrier,The Bad and the Beautiful,The Quiet Man,Metro-Goldwyn-Mayer,"Art Direction:  Cedric Gibbons, Edward Carfagno;  Set Decoration:  Edwin B. Willis, Keogh Gleason",Art Direction:  Paul Sheriff;  Set Decoration:  Marcel Vertes,,,Light in the Window: The Art of Vermeer,The Bad and the Beautiful,Water Birds,With a Song in My Heart,High Noon,,,"Cecil B. DeMille, Producer",,,Helen Rose,Marcel Vertes,,,,,,,,,,The Greatest Show on Earth,,,,,The Lavender Hill Mob,,,,,,,,,,,,,,,,,,,,,,,,,,,,,,,,,,,,,,,,,,,,,,,,
25,1954,28,26,Fred Zinnemann,From Here to Eternity,Frank Sinatra,Donna Reed,The Alaskan Eskimo,The Living Desert,,,,,,,Audrey Hepburn,William Holden,,,,,,,,"Toot, Whistle, Plunk and Boom",,,,Calamity Jane,,From Here to Eternity,From Here to Eternity,Shane,Paramount Studio,"Art Direction:  Cedric Gibbons, Edward Carfagno;  Set Decoration:  Edwin B. Willis, Hugh Hunt","Art Direction:  Lyle Wheeler, George W. Davis;  Set Decoration:  Walter M. Scott, Paul S. Fox",,,The Merry Wives of Windsor Overture,From Here to Eternity,Bear Country,Call Me Madam,Lili,,,"Buddy Adler, Producer",,,Edith Head,"Charles LeMaire, Emile Santiago",,,,,,,,,,Roman Holiday,,,,,Titanic,,,,,,,,,,,,,,,,,,,,,,,,,,,,,,,,,,,,,,,,,,,,,,,,
26,1955,28,27,Elia Kazan,On the Waterfront,Edmond O'Brien,Eva Marie Saint,Thursday's Children,The Vanishing Prairie,,,,,,,Grace Kelly,Marlon Brando,,,,,,,,When Magoo Flew,,,,Three Coins in the Fountain,,The Glenn Miller Story,On the Waterfront,Three Coins in the Fountain,Walt Disney Studios,Richard Day,Art Direction:  John Meehan;  Set Decoration:  Emile Kuri,,,This Mechanical Age,The Country Girl,A Time Out of War,Seven Brides for Seven Brothers,The High and the Mighty,,,"Sam Spiegel, Producer",,,Edith Head,Sanzo Wada,,,,,,,,,,Broken Lance,,,,,On the Waterfront,,,,,,,,,,,,,,,,,,,,,,,,,,,,,,,,,,,,,,,,,,,,,,,,
27,1956,27,28,Delbert Mann,Picnic,Jack Lemmon,Jo Van Fleet,Men against the Arctic,Helen Keller in Her Story,,,,,,,Anna Magnani,Ernest Borgnine,,,,,,,,Speedy Gonzales,,,,Love Is a Many-Splendored Thing,,Oklahoma!,The Rose Tattoo,To Catch a Thief,Paramount Studio,"Art Direction:  Hal Pereira, Tambi Larsen;  Set Decoration:  Sam Comer, Arthur Krams","Art Direction:  William Flannery, Jo Mielziner;  Set Decoration:  Robert Priestley",,,Survival City,Marty,The Face of Lincoln,Oklahoma!,Love Is a Many-Splendored Thing,,,"Harold Hecht, Producer",,,Helen Rose,Charles LeMaire,,,,,,,,,,Love Me or Leave Me,,,,,Interrupted Melody,,,,,,,,,,,,,,,,,,,,,,,,,,,,,,,,,,,,,,,,,,,,,,,,
28,1957,30,29,George Stevens,Around the World in 80 Days,Anthony Quinn,Dorothy Malone,The True Story of the Civil War,The Silent World,,La Strada,,,,,Ingrid Bergman,Yul Brynner,,,,,,,,Mister Magoo's Puddle Jumper,,,,The Man Who Knew Too Much,,The King and I,Somebody Up There Likes Me,Around the World in 80 Days,John Fulton,"Art Direction:  Cedric Gibbons, Malcolm F. Brown;  Set Decoration:  Edwin B. Willis, F. Keogh Gleason","Art Direction:  Lyle R. Wheeler, John DeCuir;  Set Decoration:  Walter M. Scott, Paul S. Fox",,,Crashing the Water Barrier,,The Bespoke Overcoat,The King and I,Around the World in 80 Days,,,"Michael Todd, Producer",,,Jean Louis,Irene Sharaff,,,,,,,,,,The Brave One,,,,,,,,,,,,,,,,,,,,,,,,,,,,,,,,,,,,,,,Around the World in 80 Days,,The Red Balloon,,,,,,,,,,,,
29,1958,22,30,David Lean,The Bridge on the River Kwai,Red Buttons,Miyoshi Umeki,,Albert Schweitzer,The Bridge on the River Kwai,The Nights of Cabiria,,Art Direction:  Ted Haworth;  Set Decoration:  Robert Priestley,,Orry-Kelly,Joanne Woodward,Alec Guinness,,,,,,,,Birds Anonymous,,,,The Joker Is Wild,,Sayonara,,,Audible Effects by Walter Rossi,,,,,,,,,,The Bridge on the River Kwai,,"Sam Spiegel, Producer",,The Wetback Hound,,,,,,,,,Designing Woman,,,,,,,The Bridge on the River Kwai,,,,,,,,,,,,,,,,,,,,,,,,,,,,,,,,,,,,,,,,,,,,,,,,,
30,1959,25,31,Vincente Minnelli,Gigi,Burl Ives,Wendy Hiller,Ama Girls,White Wilderness,,My Uncle,,"Art Direction:  William A. Horning, Preston Ames;  Set Decoration:  Henry Grace, Keogh Gleason",,Cecil Beaton,Susan Hayward,David Niven,South Pacific,,,,,,,Knighty Knight Bugs,,,,Gigi,,,The Defiant Ones,Gigi,Visual Effects by Tom Howard,,,,,,,,Gigi,The Old Man and the Sea,Gigi,,"Arthur Freed, Producer",,Grand Canyon,,,,,,,,,The Defiant Ones,,,,,,,,,,,,,,,,,,,,,,,,,,,,,,,,,,,,,,,,,,,,,,,,,,,,,,,,
31,1960,27,32,William Wyler,Ben-Hur,Hugh Griffith,Shelley Winters,Glass,Serengeti Shall Not Die,,Black Orpheus,,,,,Simone Signoret,Charlton Heston,Ben-Hur,,,,,,,Moonbird,,,,A Hole in the Head,,,The Diary of Anne Frank,Ben-Hur,"Visual Effects by A. Arnold Gillespie, Robert MacDonald; Audible Effects by Milo Lory","Art Direction:  Lyle R. Wheeler, George W. Davis;  Set Decoration:  Walter M. Scott, Stuart A. Reiss","Art Direction:  William A. Horning, Edward Carfagno;  Set Decoration:  Hugh Hunt",,,,,,Porgy and Bess,Ben-Hur,Room at the Top,,"Sam Zimbalist, Producer",,The Golden Fish,Orry-Kelly,Elizabeth Haffenden,,,,,,,Pillow Talk,,,,,,,,,,,,,,,,,,,,,,,,,,,,,,,,,,,,,,,,,,,,,,,,,,,,,,,,
32,1961,27,33,Billy Wilder,The Apartment,Peter Ustinov,Shirley Jones,Giuseppina,The Horse with the Flying Tail,,The Virgin Spring,,,,,Elizabeth Taylor,Burt Lancaster,The Alamo,,,,,,,Munro,,,,Never on Sunday,,,Sons and Lovers,Spartacus,"Visual Effects by Gene Warren, Tim Baar",Art Direction:  Alexander Trauner;  Set Decoration:  Edward G. Boyle,"Art Direction:  Alexander Golitzen, Eric Orbom;  Set Decoration:  Russell A. Gausman, Julia Heron",,,,,,Song without End (The Story of Franz Liszt),Exodus,Elmer Gantry,,"Billy Wilder, Producer",,Day of the Painter,"Edith Head, Edward Stevenson","Valles, Bill Thomas",,,,,,,The Apartment,,,,,,,,,,,,,,,,,,,,,,,,,,,,,,,,,,,,,,,,,,,,,,,,,,,,,,,,
33,1962,28,34,"Robert Wise, Jerome Robbins",West Side Story,George Chakiris,Rita Moreno,Project Hope,Le Ciel et la Boue (Sky Above and Mud Beneath),,Through a Glass Darkly,,,,,Sophia Loren,Maximilian Schell,West Side Story,,,,,,,Ersatz (The Substitute),,,,Breakfast at Tiffany's,,,The Hustler,West Side Story,Visual Effects by Bill Warrington; Audible Effects by Vivian C. Greenham,Art Direction:  Harry Horner;  Set Decoration:  Gene Callahan,Art Direction:  Boris Leven;  Set Decoration:  Victor A. Gangelin,,,,,,West Side Story,Breakfast at Tiffany's,Judgment at Nuremberg,,"Robert Wise, Producer",,Seawards the Great Ships,Piero Gherardi,Irene Sharaff,,,,,,,Splendor in the Grass,,,,,,,,,,,,,,,,,,,,,,,,,,,,,,,,,,,,,,,,,,,,,,,,,,,,,,,,
34,1963,26,35,David Lean,Lawrence of Arabia,Ed Begley,Patty Duke,Dylan Thomas,Black Fox,,Sundays and Cybele,,,"Sam Spiegel, Producer",,Anne Bancroft,Gregory Peck,Lawrence of Arabia,,,,,,,The Hole,,,,Days of Wine and Roses,,,The Longest Day,Lawrence of Arabia,Visual Effects by Robert MacDonald; Audible Effects by Jacques Maumont,"Art Direction:  Alexander Golitzen, Henry Bumstead;  Set Decoration:  Oliver Emert","Art Direction:  John Box, John Stoll;  Set Decoration:  Dario Simoni",,,,,,,,To Kill a Mockingbird,,,,Heureux Anniversaire (Happy Anniversary),Norma Koch,Mary Wills,,,,,,,Divorce--Italian Style,,,,,,,,,Meredith Willson's The Music Man,,,,,,,,,,,Lawrence of Arabia,,,,,,,,,,,,,,,,,,,,,,,,,,,,,,,,,,,,
35,1964,27,36,Tony Richardson,How the West Was Won,Melvyn Douglas,Margaret Rutherford,Chagall,Robert Frost: A Lover's Quarrel with the World,,Federico Fellini's 8-1/2,,,"Tony Richardson, Producer",,Patricia Neal,Sidney Poitier,How the West Was Won,,,,,,,The Critic,,,,Papa's Delicate Condition,,,Hud,Cleopatra,"Emil Kosa, Jr.",Gene Callahan,"Art Direction:  John DeCuir, Jack Martin Smith, Hilyard Brown, Herman Blumenthal, Elven Webb, Maurice Pelling, Boris Juraga;  Set Decoration:  Walter M. Scott, Paul S. Fox, Ray Moyer",,,,,,,,Tom Jones,,,,An Occurrence at Owl Creek Bridge,Piero Gherardi,"Irene Sharaff, Vittorio Nino Novarese, Renie",,,,,,,How the West Was Won,,,,,,,,,Irma La Douce,"It's a Mad, Mad, Mad, Mad World",,,,,,,,,,Tom Jones,,,,,,,,,,,,,,,,,,,,,,,,,,,,,,,,,,,,
36,1965,27,37,George Cukor,Mary Poppins,Peter Ustinov,Lila Kedrova,Nine from Little Rock,Jacques-Yves Cousteau's World without Sun,,"Yesterday, Today and Tomorrow",,,"Jack L. Warner, Producer",,Julie Andrews,Rex Harrison,My Fair Lady,,,,,,,The Pink Phink,,,,Mary Poppins,,,Zorba the Greek,My Fair Lady,,Vassilis Fotopoulos,"Art Direction:  Gene Allen, Cecil Beaton;  Set Decoration:  George James Hopkins",,,,,,,,Becket,,,,Casals Conducts: 1964,Dorothy Jeakins,Cecil Beaton,,,,,,,Father Goose,,,,,"Peter Ellenshaw, Eustace Lycett, Hamilton Luske",,,,My Fair Lady,Goldfinger,,,,,,,,,,Mary Poppins,,,,,,,,,,,,,,,,,,,,,,,,,,,,,,,,,,,,
37,1966,29,38,Robert Wise,The Sound of Music,Martin Balsam,Shelley Winters,To Be Alive!,The Eleanor Roosevelt Story,,The Shop on Main Street,,,"Robert Wise, Producer",,Julie Christie,Lee Marvin,The Sound of Music,,,,,,,The Dot and the Line,,,,The Sandpiper,,,Ship of Fools,Doctor Zhivago,,Art Direction:  Robert Clatworthy;  Set Decoration:  Joseph Kish,"Art Direction:  John Box, Terry Marsh;  Set Decoration:  Dario Simoni",,,,,,,,Doctor Zhivago,,,,The Chicken (Le Poulet),Julie Harris,Phyllis Dalton,,,,,,,Darling,,,,,John Stears,,,,The Sound of Music,The Great Race,,,,,,,,,,Doctor Zhivago,,,,,,,,,,,,,,,,,,,,,,,,,,,,,,,,,,,,
38,1967,29,39,Fred Zinnemann,Grand Prix,Walter Matthau,Sandy Dennis,A Year toward Tomorrow,The War Game,,A Man and a Woman,,,"Fred Zinnemann, Producer",,Elizabeth Taylor,Paul Scofield,Grand Prix,,,,,,,Herb Alpert and the Tijuana Brass Double Feature,,,,Born Free,,,Who's Afraid of Virginia Woolf?,A Man for All Seasons,,Art Direction:  Richard Sylbert;  Set Decoration:  George James Hopkins,"Art Direction:  Jack Martin Smith, Dale Hennesy;  Set Decoration:  Walter M. Scott, Stuart A. Reiss",,,,,,,,A Man for All Seasons,,,,Wild Wings,Irene Sharaff,"Elizabeth Haffenden, Joan Bridge",,,,,,,A Man and a Woman,,,,,Art Cruickshank,,,,A Funny Thing Happened on the Way to the Forum,Grand Prix,,,,,,,,,,,,,,,,,,,,,,Born Free,,,,,,,,,,,,,,,,,,,,,,,,
39,1968,26,40,Mike Nichols,In the Heat of the Night,George Kennedy,Estelle Parsons,The Redwoods,The Anderson Platoon,Bonnie and Clyde,Closely Watched Trains,,"Art Direction:  John Truscott, Edward Carrere;  Set Decoration:  John W. Brown","Walter Mirisch, Producer",John Truscott,Katharine Hepburn,Rod Steiger,In the Heat of the Night,,,,,,,The Box,,,,Doctor Dolittle,,,,,,,,,,,,,,,In the Heat of the Night,,,,A Place to Stand,,,,,,,,,Guess Who's Coming to Dinner,,,,,L. B. Abbott,,,,Camelot,The Dirty Dozen,,,,,,,,,,,,,,,,,,,,,,Thoroughly Modern Millie,,,,,,,,,,,,,,,,,,,,,,,,
40,1969,24,41,Carol Reed,Bullitt,Jack Albertson,Ruth Gordon,Why Man Creates,Journey into Self,Romeo and Juliet,War and Peace,,"Art Direction:  John Box, Terence Marsh;  Set Decoration:  Vernon Dixon, Ken Muggleston","John Woolf, Producer",Danilo Donati,Katharine Hepburn,Cliff Robertson,Oliver!,,,,,,,Winnie the Pooh and the Blustery Day,,,,,,,,,,,,,,,,,,,The Lion in Winter,,,,Robert Kennedy Remembered,,,,,,,,,The Producers,,,,,Stanley Kubrick,,,,,,,,The Thomas Crown Affair,,,,,,,,,,,,,,,,,,,,,The Lion in Winter,,,,Oliver!,,,,,,,,,,,,,,,,,,
41,1970,24,42,John Schlesinger,Z,Gig Young,Goldie Hawn,Czechoslovakia 1968,Arthur Rubinstein - The Love of Life,Butch Cassidy and the Sundance Kid,Z,,"Art Direction:  John DeCuir, Jack Martin Smith, Herman Blumenthal;  Set Decoration:  Walter M. Scott, George Hopkins, Raphael Bretton","Jerome Hellman, Producer",Margaret Furse,Maggie Smith,John Wayne,"Hello, Dolly!",,,,,,,It's Tough to Be a Bird,,,,,,,,,,,,,,,,,,,Midnight Cowboy,,,,The Magic Machines,,,,,,,,,,,,,,Robbie Robertson,,,,,,,,Butch Cassidy and the Sundance Kid,,,,,,,,,,,,,,,,,,,,,Butch Cassidy and the Sundance Kid,,,,"Hello, Dolly!",,,,,Butch Cassidy and the Sundance Kid,,,,,,,,,,,,,
42,1971,25,43,Franklin J. Schaffner,Patton,John Mills,Helen Hayes,Interviews with My Lai Veterans,Woodstock,Ryan's Daughter,Investigation of a Citizen above Suspicion,,"Art Direction:  Urie McCleary, Gil Parrondo;  Set Decoration:  Antonio Mateos, Pierre-Louis Thevenet","Frank McCarthy, Producer",Nino Novarese,Glenda Jackson,George C. Scott,Patton,,,,Love Story,,,Is It Always Right to Be Right?,,,,,,,,,,,,,,,,,,,M*A*S*H,,,,The Resurrection of Broncho Billy,,,,,,,,,,,,,,"A. D. Flowers, L. B. Abbott",,,,,,,,Lovers and Other Strangers,,,,,,Patton,,,,,,,,,,,,,,,,,,Let It Be,,,,,,,,,,,,,,,,,,,
43,1972,23,44,William Friedkin,The French Connection,Ben Johnson,Cloris Leachman,Sentinels of Silence,The Hellstrom Chronicle,Fiddler on the Roof,The Garden of the Finzi Continis,,"Art Direction:  John Box, Ernest Archer, Jack Maxsted, Gil Parrondo;  Set Decoration:  Vernon Dixon","Philip D'Antoni, Producer","Yvonne Blake, Antonio Castillo",Jane Fonda,Gene Hackman,Fiddler on the Roof,,,,,,,,,,,,,,,,,,,,,,,,,,The French Connection,,,,Sentinels of Silence,,,,,,,,,,,,,,"Alan Maley, Eustace Lycett, Danny Lee",Summer of '42,,,,,,,Shaft,,,,,,The Hospital,,,,,,,The Crunch Bird,,,,,,,,,,,,,,Fiddler on the Roof,,,,,,,,,,,,,,,,
44,1973,24,45,Bob Fosse,Cabaret,Joel Grey,Eileen Heckart,This Tiny World,Marjoe,Cabaret,The Discreet Charm of the Bourgeoisie,,"Art Direction:  Rolf Zehetbauer, Jurgen Kiebach;  Set Decoration:  Herbert Strabel","Albert S. Ruddy, Producer",Anthony Powell,Liza Minnelli,Marlon Brando,Cabaret,,,,,,,,,,,,,,,,,,,,,,,,,,The Godfather,,,,Norman Rockwell's World...An American Dream,,,,,,,,,,,,,"L. B. Abbott, A. D. Flowers",,Limelight,,,,,,,The Poseidon Adventure,,,,,,The Candidate,,,,,,,A Christmas Carol,,,,,,,,,,,,,,Cabaret,,,,,,,,,,,,,,,,
45,1974,24,46,George Roy Hill,The Sting,John Houseman,Tatum O'Neal,Princeton: A Search for Answers,The Great American Cowboy,Cries and Whispers,Day for Night,,Art Direction:  Henry Bumstead;  Set Decoration:  James Payne,"Tony Bill, Michael Phillips and Julia Phillips, Producers",Edith Head,Glenda Jackson,Jack Lemmon,The Exorcist,,,,,,,,,,,The Way We Were,,,,,,,,,,,,,,,The Exorcist,,,,The Bolero,,,,,,,,,,,,,,,The Way We Were,,,,,,,,,,,,,The Sting,,,,,,,Frank Film,The Sting,,,,,,,,,,,,,,,,,,,,,,,,,,,,,
46,1975,24,47,Francis Ford Coppola,The Towering Inferno,Robert De Niro,Ingrid Bergman,Don't,Hearts and Minds,The Towering Inferno,Amarcord,,"Art Direction:  Dean Tavoularis, Angelo Graham;  Set Decoration:  George R. Nelson","Francis Ford Coppola, Producer;  Gray Frederickson and Fred Roos, Co-Producers",Theoni V. Aldredge,Ellen Burstyn,Art Carney,Earthquake,Closed Mondays,One-Eyed Men Are Kings,,,,,,,,,The Towering Inferno,,,,,,,,Chinatown,,,,,,,,,,,,,,,,,,,,,,,,"Frank Brendel, Glen Robinson, Albert Whitlock",,The Godfather Part II,,,,,,,,,,,,,,,,,,,,,The Great Gatsby,,,,The Godfather Part II,,,,,,,,,,,,,,,,,,,,,,,,,
47,1976,26,48,Milos Forman,Jaws,George Burns,Lee Grant,The End of the Game,The Man Who Skied down Everest,Barry Lyndon,Dersu Uzala,,"Art Direction:  Ken Adam, Roy Walker;  Set Decoration:  Vernon Dixon","Saul Zaentz and Michael Douglas, Producers","Ulla-Britt Soderlund, Milena Canonero",Louise Fletcher,Jack Nicholson,Jaws,Great,Angel and Big Joe,Nashville,Jaws,,,,,,,,,,,,,,,Dog Day Afternoon,,,,,,,,,,,,,,,,,,,,,,,,"Albert Whitlock, Glen Robinson",,,,,,,,,,,,,,,,,,,,,,,Barry Lyndon,,,,One Flew over the Cuckoo's Nest,,,,,,,,,,,,,,,,Peter Berkos,,,,,,,,,
48,1977,23,49,John G. Avildsen,Rocky,Jason Robards,Beatrice Straight,Number Our Days,"Harlan County, U.S.A.",Bound for Glory,Black and White in Color,,Art Direction:  George Jenkins;  Set Decoration:  George Gaines,"Irwin Winkler and Robert Chartoff, Producers",Danilo Donati,,,All the President's Men,Leisure,In the Region of Ice,A Star Is Born,The Omen,Peter Finch,Faye Dunaway,,,,,,,,,,,,,,,,,,,,All the President's Men,,,,,,,,,,,,,,,,,"Carlo Rambaldi, Glen Robinson, Frank Van der Veer",,,,,,,,,,,,,,,,,,,,,,,,,,,,,Network,,,Bound for Glory,,,,,,,,,,,,,,,,,,,,
49,1978,27,50,Woody Allen,Star Wars,Jason Robards,Vanessa Redgrave,Gravity Is My Enemy,Who Are the DeBolts? And Where Did They Get Nineteen Kids?,Close Encounters of the Third Kind,Madame Rosa,,"Art Direction:  John Barry, Norman Reynolds, Leslie Dilley;  Set Decoration:  Roger Christian","Charles H. Joffe, Producer",John Mollo,,,Star Wars,The Sand Castle,I'll Find a Way,You Light Up My Life,Star Wars,Richard Dreyfuss,Diane Keaton,,,,"John Stears, John Dykstra, Richard Edlund, Grant McCune, Robert Blalack",,,,,,,,,,,,,,,,Julia,,,,,,,,,,,,,,,,,,,,,,,,,,,,,,,,,,Frank E. Warner,,,,,,,,,,,,Annie Hall,,,A Little Night Music,,,,,,,,,,,,,,,,,,,,
50,1979,24,51,Michael Cimino,The Deer Hunter,Christopher Walken,Maggie Smith,The Flight of the Gossamer Condor,Scared Straight!,Days of Heaven,Get Out Your Handkerchiefs,,"Art Direction:  Paul Sylbert, Edwin O'Donovan;  Set Decoration:  George Gaines","Barry Spikings, Michael Deeley, Michael Cimino and John Peverall, Producers",Anthony Powell,,,The Deer Hunter,Special Delivery,Teenage Father,Thank God It's Friday,Midnight Express,Jon Voight,Jane Fonda,,,,,,,,,,,,,,Coming Home,,,,,,,,,,,,,,,,,Midnight Express,,,,,,"Les Bowie, Colin Chilvers, Denys Coop, Roy Field, Derek Meddings, Zoran Perisic",,,,,,,,,,,,,,,,,,,,,,,,,,,,,,,,,,,,,,,,,,,,,,,,,The Buddy Holly Story,,,
51,1980,26,52,Robert Benton,All That Jazz,Melvyn Douglas,Meryl Streep,Paul Robeson: Tribute to an Artist,Best Boy,Apocalypse Now,The Tin Drum,,"Art Direction:  Philip Rosenberg, Tony Walton;  Set Decoration:  Edward Stewart, Gary Brink","Stanley R. Jaffe, Producer",Albert Wolsky,,,Apocalypse Now,Every Child,Board and Care,Norma Rae,A Little Romance,Dustin Hoffman,Sally Field,,,,"H.R. Giger, Carlo Rambaldi, Brian Johnson, Nick Allder, Denys Ayling",,,,,,,,,,Breaking Away,,,,,,,,,,,,,,,,,Kramer vs. Kramer,,,,,,,,,,,,,,,,,,,,,,,,,,,,,,,,,,,,,All That Jazz,,,,,,,,,,,,,Alan Splet,,,,,,,,
52,1981,22,53,Robert Redford,Raging Bull,Timothy Hutton,Mary Steenburgen,Karl Hess: Toward Liberty,From Mao to Mozart: Isaac Stern in China,Tess,Moscow Does Not Believe in Tears,,"Art Direction:  Pierre Guffroy, Jack Stephens","Ronald L. Schwary, Producer",Anthony Powell,,,The Empire Strikes Back,The Fly,,Fame,Fame,Robert De Niro,Sissy Spacek,,,,,,,,,,,,,,Melvin and Howard,,,,,,,,,,,,,,,,,Ordinary People,,,,,,"Brian Johnson, Richard Edlund, Dennis Muren, Bruce Nicholson",,,,,,,,,,,,,,,,,,,,,,,,,,,,,,,,,,,,,,,,,,,,,,The Dollar Bottom,,,,,,
53,1982,26,54,Warren Beatty,Raiders of the Lost Ark,John Gielgud,Maureen Stapleton,Close Harmony,Genocide,Reds,Mephisto,,"Art Direction:  Norman Reynolds, Leslie Dilley;  Set Decoration:  Michael Ford","David Puttnam, Producer",Milena Canonero,,,Raiders of the Lost Ark,Crac,Violet,Arthur,Chariots of Fire,Henry Fonda,Katharine Hepburn,,,,"Richard Edlund, Kit West, Bruce Nicholson, Joe Johnston",,Rick Baker,,,,,,,,Chariots of Fire,,,,,,,,,,,,,,,,,On Golden Pond,,,,,,,,,,,,,,,,,,,,,,,"Ben Burtt, Richard L. Anderson",,,,,,,,,,,,,,,,,,,,,,,,,,,,,,,,,,,
54,1983,26,55,Richard Attenborough,Gandhi,"Louis Gossett, Jr.",Jessica Lange,If You Love This Planet,Just Another Missing Kid,Gandhi,Volver a Empezar ('To Begin Again'),,"Art Direction:  Stuart Craig, Bob Laing;  Set Decoration:  Michael Seirton","Richard Attenborough, Producer","John Mollo, Bhanu Athaiya",,,E.T. The Extra-Terrestrial,Tango,A Shocking Accident,An Officer and a Gentleman,E.T. The Extra-Terrestrial,Ben Kingsley,Meryl Streep,,,,"Carlo Rambaldi, Dennis Muren, Kenneth F. Smith",,"Sarah Monzani, Michèle Burke",,,,,,,,Gandhi,,,,,,,,,,,,,E.T. The Extra-Terrestrial,,,,Missing,,,,,,,,,,,,,,,,,,,,,,,,,,,,,,,,,,,,,Victor/Victoria,,,,,,,,,,,,,,,,,,,,,
55,1984,25,56,James L. Brooks,The Right Stuff,Jack Nicholson,Linda Hunt,Flamenco at 5:15,He Makes Me Feel Like Dancin',Fanny & Alexander,Fanny & Alexander,,Anna Asp,"James L. Brooks, Producer",Marik Vos,,,The Right Stuff,Sundae in New York,Boys and Girls,Flashdance,The Right Stuff,Robert Duvall,Shirley MacLaine,,,,,,,,,,,,,,Tender Mercies,,,,,,,,,,,,,The Right Stuff,,,,Terms of Endearment,,,,,,"Richard Edlund, Dennis Muren, Ken Ralston, Phil Tippett",,,,,,,,,,,,,,,,,,,,,,,,,,,,,,,,,,,,,,,,,,,,,,,Yentl,,,,,
56,1985,26,57,Milos Forman,The Killing Fields,Haing S. Ngor,Peggy Ashcroft,The Stone Carvers,The Times of Harvey Milk,The Killing Fields,Dangerous Moves,,Art Direction:  Patrizia Von Brandenstein;  Set Decoration:  Karel Cerny,"Saul Zaentz, Producer",Theodor Pistek,,,Amadeus,Charade,Up,The Woman in Red,A Passage to India,F. Murray Abraham,Sally Field,,,,"Dennis Muren, Michael McAlister, Lorne Peterson, George Gibbs",,"Paul LeBlanc, Dick Smith",,,,,,,,Places in the Heart,,,,,,,,,,,,,,,,,Amadeus,,,,,,,,,,,,,,,,,,,,,,,Kay Rose,,,,,,,,,,,,,,,,Purple Rain,,,,,,,,,,,,,,,,,,,
57,1986,25,58,Sydney Pollack,Witness,Don Ameche,Anjelica Huston,Witness to War: Dr. Charlie Clements,Broken Rainbow,Out of Africa,The Official Story,,Art Direction:  Stephen Grimes;  Set Decoration:  Josie MacAvin,"Sydney Pollack, Producer",Emi Wada,,,Out of Africa,Anna & Bella,Molly's Pilgrim,White Nights,Out of Africa,William Hurt,Geraldine Page,,,,"Ken Ralston, Ralph McQuarrie, Scott Farrar, David Berry",,"Michael Westmore, Zoltan Elek",,,,,,,,Witness,,,,,,,,,,,,,Back to the Future,,,,Out of Africa,,,,,,,,,,,,,,,,,,,,,,,,,,,,,,,,,,,,,,,,,,,,,,,,,,,,,,,,,,
58,1987,25,59,Oliver Stone,Platoon,Michael Caine,Dianne Wiest,"Women--for America, for the World",Artie Shaw: Time Is All You've Got,The Mission,The Assault,,"Art Direction:  Gianni Quaranta, Brian Ackland-Snow;  Set Decoration:  Brian Savegar, Elio Altamura","Arnold Kopelson, Producer","Jenny Beavan, John Bright",,,Platoon,A Greek Tragedy,Precious Images,Top Gun,'Round Midnight,Paul Newman,Marlee Matlin,,,,"Robert Skotak, Stan Winston, John Richardson, Suzanne Benson",,"Chris Walas, Stephan Dupuis",,,,,,,,Hannah and Her Sisters,,,,,,,,,,,,,Aliens,,,,A Room with a View,,,,,,,,,,,,,,,,,,,,,,,,,,,,,,,,,,,,,,,,,,,,,,,,,,,,,,,,,,
59,1988,24,60,Bernardo Bertolucci,The Last Emperor,Sean Connery,Olympia Dukakis,Young at Heart,The Ten-Year Lunch: The Wit and Legend of the Algonquin Round Table,The Last Emperor,Babette's Feast,,"Art Direction:  Ferdinando Scarfiotti;  Set Decoration:  Bruno Cesari, Osvaldo Desideri","Jeremy Thomas, Producer",James Acheson,,,The Last Emperor,The Man Who Planted Trees,Ray's Male Heterosexual Dance Hall,Dirty Dancing,The Last Emperor,Michael Douglas,Cher,,,,"Dennis Muren, William George, Harley Jessup, Kenneth Smith",,Rick Baker,,,,,,,,Moonstruck,,,,,,,,,,,,,,,,,The Last Emperor,,,,,,,,,,,,,,,,,,,,,,,"Stephen Flick, John Pospisil",,,,,,,,,,,,,,,,,,,,,,,,,,,,,,,,,,,
60,1989,25,61,Barry Levinson,Who Framed Roger Rabbit,Kevin Kline,Geena Davis,You Don't Have to Die,Hotel Terminus: The Life and Times of Klaus Barbie,Mississippi Burning,Pelle the Conqueror,,Art Direction:  Stuart Craig;  Set Decoration:  Gerard James,"Mark Johnson, Producer",James Acheson,,,Bird,Tin Toy,The Appointments of Dennis Jennings,Working Girl,The Milagro Beanfield War,Dustin Hoffman,Jodie Foster,,,,"Ken Ralston, Richard Williams, Edward Jones, George Gibbs",,"Ve Neill, Steve La Porte, Robert Short",,,,,,,,Rain Man,,,,,,,,,,,,,Who Framed Roger Rabbit,,,,Dangerous Liaisons,,,,,,,,,,,,,,,,,,,,,,,,,,,,,,,,,,,,,,,,,,,,,,,,,,,,,,,,,,
61,1990,25,62,Oliver Stone,Born on the Fourth of July,Denzel Washington,Brenda Fricker,The Johnstown Flood,Common Threads: Stories from the Quilt,Glory,Cinema Paradiso,,Art Direction:  Anton Furst;  Set Decoration:  Peter Young,"Richard D. Zanuck and Lili Fini Zanuck, Producers",Phyllis Dalton,,,Glory,Balance,Work Experience,The Little Mermaid,The Little Mermaid,Daniel Day Lewis,Jessica Tandy,,,,"John Bruno, Dennis Muren, Hoyt Yeatman, Dennis Skotak",,"Manlio Rocchetti, Lynn Barber, Kevin Haney",,,,,,,,Dead Poets Society,,,,,,,,,,,,,Indiana Jones and the Last Crusade,,,,Driving Miss Daisy,,,,,,,,,,,,,,,,,,,,,,,,,,,,,,,,,,,,,,,,,,,,,,,,,,,,,,,,,,
62,1991,25,63,Kevin Costner,Dances With Wolves,Joe Pesci,Whoopi Goldberg,Days of Waiting,American Dream,Dances With Wolves,Journey of Hope,,Art Direction:  Richard Sylbert;  Set Decoration:  Rick Simpson,"Jim Wilson and Kevin Costner, Producers",Franca Squarciapino,,,Dances With Wolves,Creature Comforts,The Lunch Date,Dick Tracy,Dances With Wolves,Jeremy Irons,Kathy Bates,,,,,,"John Caglione, Jr., Doug Drexler",,,,,,,,Ghost,,,,,,,,,,,,,The Hunt for Red October,,,,Dances With Wolves,,,,,,"Eric Brevig, Rob Bottin, Tim McGovern, Alex Funke",,,,,,,,,,,,,,,,,,,,,,,,,,,,,,,,,,,,,,,,,,,,,,,,,,,,
63,1992,25,64,Jonathan Demme,JFK,Jack Palance,Mercedes Ruehl,"Deadly Deception: General Electric, Nuclear Weapons and Our Environment",In the Shadow of the Stars,JFK,Mediterraneo,,Art Direction:  Dennis Gassner;  Set Decoration:  Nancy Haigh,"Edward Saxon, Kenneth Utt and Ron Bozman, Producers",Albert Wolsky,,,Terminator 2: Judgment Day,Manipulation,Session Man,Beauty and the Beast,Beauty and the Beast,Anthony Hopkins,Jodie Foster,,,,"Dennis Muren, Stan Winston, Gene Warren, Jr., Robert Skotak",,"Stan Winston, Jeff Dawn",,,,,,,,Thelma & Louise,,,,,,,,,,,,,Terminator 2: Judgment Day,,,,,,,,The Silence of the Lambs,,,,,,,,,,,,,,,,,,,,,,,,,,,,,,,,,,,,,,,,,,,,,,,,,,,,,,
64,1993,25,65,Clint Eastwood,Unforgiven,Gene Hackman,Marisa Tomei,Educating Peter,The Panama Deception,A River Runs through It,Indochine,,Art Direction:  Luciana Arrighi;  Set Decoration:  Ian Whittaker,"Clint Eastwood, Producer",Eiko Ishioka,,,The Last of the Mohicans,Mona Lisa Descending a Staircase,Omnibus,Aladdin,Aladdin,Al Pacino,Emma Thompson,,,,"Ken Ralston, Doug Chiang, Doug Smythe, Tom Woodruff, Jr.",,"Greg Cannom, Michèle Burke, Matthew W. Mungle",,,,,,,,The Crying Game,,,,,,,,,,,,,Bram Stoker's Dracula,,,,,,,,Howards End,,,,,,,,,,,,,,,,,,,,,,,,,,,,,,,,,,,,,,,,,,,,,,,,,,,,,,
65,1994,25,66,Steven Spielberg,Schindler's List,Tommy Lee Jones,Anna Paquin,Defending Our Lives,I Am a Promise: The Children of Stanton Elementary School,Schindler's List,Belle Epoque,,Art Direction:  Allan Starski;  Set Decoration:  Ewa Braun,"Steven Spielberg, Gerald R. Molen and Branko Lustig, Producers",Gabriella Pescucci,,,Jurassic Park,The Wrong Trousers,Black Rider (Schwarzfahrer),Philadelphia,Schindler's List,Tom Hanks,Holly Hunter,,,,"Dennis Muren, Stan Winston, Phil Tippett, Michael Lantieri",,"Greg Cannom, Ve Neill, Yolanda Toussieng",,,,,,,,The Piano,,,,,,,,,,,,,Jurassic Park,,,,,,,,Schindler's List,,,,,,,,,,,,,,,,,,,,,,,,,,,,,,,,,,,,,,,,,,,,,,,,,,,,,,
66,1995,26,67,Robert Zemeckis,Forrest Gump,Martin Landau,Dianne Wiest,A Time for Justice,Maya Lin: A Strong Clear Vision,Legends of the Fall,Burnt by the Sun,,Art Direction:  Ken Adam;  Set Decoration:  Carolyn Scott,"Wendy Finerman, Steve Tisch and Steve Starkey, Producers","Lizzy Gardiner, Tim Chappel",,,Speed,Bob's Birthday,Franz Kafka's It's a Wonderful Life,The Lion King,The Lion King,Tom Hanks,Jessica Lange,,,,"Ken Ralston, George Murphy, Stephen Rosenbaum, Allen Hall",,"Rick Baker, Ve Neill, Yolanda Toussieng",,,,,,,,Pulp Fiction,,,,,,,,,,,,,Speed,,,,,,,,Forrest Gump,,,,,,,,,,,,,,,,,,,,,,,,,,,,,,,,,,,,,,,,,,,,,,,,,,,,,,
67,1996,26,68,Mel Gibson,Apollo 13,Kevin Spacey,Mira Sorvino,One Survivor Remembers,Anne Frank Remembered,Braveheart,Antonia's Line,,Eugenio Zanetti,"Mel Gibson, Alan Ladd, Jr. and Bruce Davey, Producers",James Acheson,,,Apollo 13,A Close Shave,Lieberman in Love,Pocahontas,,Nicolas Cage,Susan Sarandon,,,,"Scott E. Anderson, Charles Gibson, Neal Scanlan, John Cox",,"Peter Frampton, Paul Pattison, Lois Burwell",,,,,,,,The Usual Suspects,,,,,,,,,,,,,Braveheart,,,,,,,,Sense and Sensibility,,,,The Postman (Il Postino),,,,,,,,,,,,,,,,Pocahontas,,,,,,,,,,,,,,,,,,,,,,,,,,,,,,,,,,
68,1997,26,69,Anthony Minghella,The English Patient,"Cuba Gooding, Jr.",Juliette Binoche,Breathing Lessons: The Life and Work of Mark O'Brien,When We Were Kings,The English Patient,Kolya,,Art Direction:  Stuart Craig;  Set Decoration:  Stephenie McMillan,"Saul Zaentz, Producer",Ann Roth,,,The English Patient,Quest,Dear Diary,Evita,,Geoffrey Rush,Frances McDormand,,,,"Volker Engel, Douglas Smith, Clay Pinney, Joseph Viskocil",,"Rick Baker, David LeRoy Anderson",,,,,,,,Fargo,,,,,,,,,,,,,The Ghost and the Darkness,,,,,,,,Sling Blade,,,,The English Patient,,,,,,,,,,,,,,,,Emma,,,,,,,,,,,,,,,,,,,,,,,,,,,,,,,,,,
69,1998,25,70,James Cameron,Titanic,Robin Williams,Kim Basinger,A Story of Healing,The Long Way Home,Titanic,Character,,Art Direction:  Peter Lamont;  Set Decoration:  Michael Ford,"James Cameron and Jon Landau, Producers",Deborah L. Scott,,,Titanic,Geri's Game,Visas and Virtue,Titanic,,Jack Nicholson,Helen Hunt,,,,"Robert Legato, Mark Lasoff, Thomas L. Fisher, Michael Kanfer",,"Rick Baker, David LeRoy Anderson",,,,,,,,Good Will Hunting,,,,,,,,,,,,,Titanic,,,,,,,,L.A. Confidential,,,,Titanic,,,,,,,,,,,,,,,,The Full Monty,,,,,,,,,,,,,,,,,,,,,,,,,,,,,,,,,,
70,1999,26,71,Steven Spielberg,Saving Private Ryan,James Coburn,Judi Dench,The Personals: Improvisations on Romance in the Golden Years,The Last Days,Saving Private Ryan,Life Is Beautiful,,Art Direction:  Martin Childs;  Set Decoration:  Jill Quertier,"David Parfitt, Donna Gigliotti, Harvey Weinstein, Edward Zwick and Marc Norman, Producers",Sandy Powell,,,Saving Private Ryan,Bunny,Election Night (Valgaften),The Prince of Egypt,,Roberto Benigni,Gwyneth Paltrow,,,,"Joel Hynek, Nicholas Brooks, Stuart Robertson, Kevin Mack",,Jenny Shircore,,,,,,,,Shakespeare in Love,,,,,,,,,,,,,Saving Private Ryan,,,,,,,,Gods and Monsters,,,,Life Is Beautiful,,,,,,,,,,,,,,,,Shakespeare in Love,,,,,,,,,,,,,,,,,,,,,,,,,,,,,,,,,,
71,2000,25,72,Sam Mendes,The Matrix,Michael Caine,Angelina Jolie,King Gimp,One Day in September,American Beauty,All about My Mother,,Art Direction:  Rick Heinrichs;  Set Decoration:  Peter Young,"Bruce Cohen and Dan Jinks, Producers",Lindy Hemming,,,The Matrix,The Old Man and the Sea,My Mother Dreams the Satan's Disciples in New York,Tarzan,The Red Violin,Kevin Spacey,Hilary Swank,,,,"John Gaeta, Janek Sirrs, Steve Courtley, Jon Thum",,"Christine Blundell, Trefor Proud",,,,,,,,American Beauty,,,,,,,,,,,,,The Matrix,,,,,,,,The Cider House Rules,,,,,,,,,,,,,,,,,,,,,,,,,,,,,,,,,,,,,,,,,,,,,,,,,,,,,,
72,2001,25,73,Steven Soderbergh,Traffic,Benicio Del Toro,Marcia Gay Harden,Big Mama,Into the Arms of Strangers: Stories of the Kindertransport,"Crouching Tiger, Hidden Dragon","Crouching Tiger, Hidden Dragon",,Tim Yip,"Douglas Wick, David Franzoni and Branko Lustig, Producers",Janty Yates,,,Gladiator,Father and Daughter,Quiero Ser (I want to be...),Wonder Boys,"Crouching Tiger, Hidden Dragon",Russell Crowe,Julia Roberts,,,,"John Nelson, Neil Corbould, Tim Burke, Rob Harvey",,"Rick Baker, Gail Ryan",,,,,,,,Almost Famous,,,,,,,,,U-571,,,,,,,,,,,,Traffic,,,,,,,,,,,,,,,,,,,,,,,,,,,,,,,,,,,,,,,,,,,,,,,,,,,,,,
73,2002,26,74,Ron Howard,Black Hawk Down,Jim Broadbent,Jennifer Connelly,Thoth,Murder on a Sunday Morning,The Lord of the Rings: The Fellowship of the Ring,No Man's Land,,Art Direction:  Catherine Martin; Set Decoration:  Brigitte Broch,"Brian Grazer and Ron Howard, Producers","Catherine Martin, Angus Strathie",,,Black Hawk Down,For the Birds,the accountant,"Monsters, Inc.",The Lord of the Rings: The Fellowship of the Ring,Denzel Washington,Halle Berry,,,,"Jim Rygiel, Randall William Cook, Richard Taylor, Mark Stetson",,"Peter Owen, Richard Taylor",,,,,,,,Gosford Park,,,,,,,,,Pearl Harbor,,,,,Shrek,,,,,,,A Beautiful Mind,,,,,,,,,,,,,,,,,,,,,,,,,,,,,,,,,,,,,,,,,,,,,,,,,,,,,,
74,2003,25,75,Roman Polanski,Chicago,Chris Cooper,Catherine Zeta-Jones,Twin Towers,Bowling for Columbine,Road to Perdition,Nowhere in Africa,,Art Direction:  John Myhre; Set Decoration:  Gordon Sim,"Martin Richards, Producer",Colleen Atwood,,,Chicago,The ChubbChubbs!,This Charming Man (Der Er En Yndig Mand),8 Mile,Frida,Adrien Brody,Nicole Kidman,,,,"Jim Rygiel, Joe Letteri, Randall William Cook, Alex Funke",,"John Jackson, Beatrice De Alba",,,,,,,Talk to Her,,,,,,,,,,The Lord of the Rings: The Two Towers,,,,,Spirited Away,The Pianist,,,,,,,,,,,,,,,,,,,,,,,,,,,,,,,,,,,,,,,,,,,,,,,,,,,,,,,,,,,,
75,2004,25,76,Peter Jackson,The Lord of the Rings: The Return of the King,Tim Robbins,Renée Zellweger,Chernobyl Heart,The Fog of War,Master and Commander: The Far Side of the World,The Barbarian Invasions,,Art Direction: Grant Major; Set Decoration: Dan Hennah and Alan Lee,"Barrie M. Osborne, Peter Jackson and Fran Walsh, Producers",Ngila Dickson and Richard Taylor,,,,Harvie Krumpet,Two Soldiers,The Lord of the Rings: The Return of the King,The Lord of the Rings: The Return of the King,Sean Penn,Charlize Theron,,,,"Jim Rygiel, Joe Letteri, Randall William Cook and Alex Funke",,Richard Taylor and Peter King,,,,,,,Lost in Translation,,,,,,,,,,Master and Commander: The Far Side of the World,,,,,Finding Nemo,The Lord of the Rings: The Return of the King,The Lord of the Rings: The Return of the King,,,,,,,,,,,,,,,,,,,,,,,,,,,,,,,,,,,,,,,,,,,,,,,,,,,,,,,,,,,
76,2005,26,77,Clint Eastwood,The Aviator,Morgan Freeman,Cate Blanchett,Mighty Times: The Children's March,Born into Brothels,The Aviator,The Sea Inside,,Art Direction: Dante Ferretti; Set Decoration: Francesca Lo Schiavo,"Clint Eastwood, Albert S. Ruddy and Tom Rosenberg, Producers",Sandy Powell,,,,Ryan,Wasp,The Motorcycle Diaries,Finding Neverland,Jamie Foxx,Hilary Swank,,,,"John Dykstra, Scott Stokdyk, Anthony LaMolinara and John Frazier",,Valli O'Reilly and Bill Corso,,,,,,,Eternal Sunshine of the Spotless Mind,,,,,,,,,,The Incredibles,,,,,The Incredibles,Sideways,Ray,,,,,,,,,,,,,,,,,,,,,,,,,,,,,,,,,,,,,,,,,,,,,,,,,,,,,,,,,,,
77,2006,25,78,Ang Lee,Crash,George Clooney,Rachel Weisz,A Note of Triumph: The Golden Age of Norman Corwin,March of the Penguins,Memoirs of a Geisha,Tsotsi,,Art Direction:  John Myhre; Set Decoration:  Gretchen Rau,"Paul Haggis and Cathy Schulman, Producers",Colleen Atwood,,,,The Moon and the Son: An Imagined Conversation,Six Shooter,Hustle & Flow,Brokeback Mountain,Philip Seymour Hoffman,Reese Witherspoon,,,,"Joe Letteri, Brian Van't Hul, Christian Rivers and Richard Taylor",,Howard Berger and Tami Lane,,,,,,,Crash,,,,,,,,,,King Kong,,,,,Wallace & Gromit in The Curse of the Were-Rabbit,Brokeback Mountain,King Kong,,,,,,,,,,,,,,,,,,,,,,,,,,,,,,,,,,,,,,,,,,,,,,,,,,,,,,,,,,,
78,2007,26,79,Martin Scorsese,The Departed,Alan Arkin,Jennifer Hudson,The Blood of Yingzhou District,An Inconvenient Truth,Pan's Labyrinth,The Lives of Others,,Art Direction:  Eugenio Caballero; Set Decoration:  Pilar Revuelta,"Graham King, Producer",Milena Canonero,,,,The Danish Poet,West Bank Story,An Inconvenient Truth,Babel,Forest Whitaker,Helen Mirren,,,,"John Knoll, Hal Hickel, Charles Gibson and Allen Hall",,David Martí and Montse Ribé,,,,,,,Little Miss Sunshine,,,,,,,,,,Letters from Iwo Jima,,,,,Happy Feet,The Departed,Dreamgirls,,,,,,,,,,,,,,,,,,,,,,,,,,,,,,,,,,,,,,,,,,,,,,,,,,,,,,,,,,,
79,2008,25,80,Joel Coen and Ethan Coen,The Bourne Ultimatum,Javier Bardem,Tilda Swinton,Freeheld,Taxi to the Dark Side,There Will Be Blood,The Counterfeiters,,Art Direction: Dante Ferretti; Set Decoration: Francesca Lo Schiavo,"Scott Rudin, Ethan Coen and Joel Coen, Producers",Alexandra Byrne,,,,Peter & the Wolf,Le Mozart des Pickpockets (The Mozart of Pickpockets),Once,Atonement,Daniel Day-Lewis,Marion Cotillard,,,,"Michael Fink, Bill Westenhofer, Ben Morris and Trevor Wood",,Didier Lavergne and Jan Archibald,,,,,,,Juno,,,,,,,,,,The Bourne Ultimatum,,,,,Ratatouille,No Country for Old Men,The Bourne Ultimatum,,,,,,,,,,,,,,,,,,,,,,,,,,,,,,,,,,,,,,,,,,,,,,,,,,,,,,,,,,,
80,2009,25,81,Danny Boyle,Slumdog Millionaire,Heath Ledger,Penélope Cruz,Smile Pinki,Man on Wire,Slumdog Millionaire,Departures,,Art Direction: Donald Graham Burt; Set Decoration: Victor J. Zolfo,"Christian Colson, Producer",Michael O'Connor,,,,La Maison en Petits Cubes,Spielzeugland (Toyland),Slumdog Millionaire,Slumdog Millionaire,Sean Penn,Kate Winslet,,,,"Eric Barba, Steve Preeg, Burt Dalton and Craig Barron",,Greg Cannom,,,,,,,Milk,,,,,,,,,,The Dark Knight,,,,,WALL-E,Slumdog Millionaire,Slumdog Millionaire,,,,,,,,,,,,,,,,,,,,,,,,,,,,,,,,,,,,,,,,,,,,,,,,,,,,,,,,,,,
81,2010,26,82,Kathryn Bigelow,The Hurt Locker,Christoph Waltz,Mo'Nique,Music by Prudence,The Cove,Avatar,The Secret in Their Eyes,,Production Design: Rick Carter and Robert Stromberg; Set Decoration: Kim Sinclair,"Kathryn Bigelow, Mark Boal, Nicolas Chartier and Greg Shapiro, Producers",Sandy Powell,,,,Logorama,The New Tenants,Crazy Heart,Up,Jeff Bridges,Sandra Bullock,,,,"Joe Letteri, Stephen Rosenbaum, Richard Baneham and Andrew R. Jones",,"Barney Burman, Mindy Hall and Joel Harlow",,,,,,,The Hurt Locker,,,,,,,,,,The Hurt Locker,,,,,Up,Precious: Based on the Novel 'Push' by Sapphire,The Hurt Locker,,,,,,,,,,,,,,,,,,,,,,,,,,,,,,,,,,,,,,,,,,,,,,,,,,,,,,,,,,,
82,2011,26,83,Tom Hooper,The Social Network,Christian Bale,Melissa Leo,Strangers No More,Inside Job,Inception,In a Better World,,Production Design: Robert Stromberg; Set Decoration: Karen O'Hara,"Iain Canning, Emile Sherman and Gareth Unwin, Producers",Colleen Atwood,,,,The Lost Thing,God of Love,Toy Story 3,The Social Network,Colin Firth,Natalie Portman,,,,"Paul Franklin, Chris Corbould, Andrew Lockley and Peter Bebb",,Rick Baker and Dave Elsey,,,,,,,The King's Speech,,,,,,,,,,Inception,,,,,Toy Story 3,The Social Network,Inception,,,,,,,,,,,,,,,,,,,,,,,,,,,,,,,,,,,,,,,,,,,,,,,,,,,,,,,,,,,
83,2012,26,84,Michel Hazanavicius,The Girl with the Dragon Tattoo,Christopher Plummer,Octavia Spencer,Saving Face,Undefeated,Hugo,A Separation,,Production Design: Dante Ferretti; Set Decoration: Francesca Lo Schiavo,"Thomas Langmann, Producer",Mark Bridges,,,,The Fantastic Flying Books of Mr. Morris Lessmore,The Shore,The Muppets,The Artist,Jean Dujardin,Meryl Streep,,,,"Rob Legato, Joss Williams, Ben Grossmann and Alex Henning",,Mark Coulier and J. Roy Helland,,,,,,,Midnight in Paris,,,,,,,,,,Hugo,,,,,Rango,The Descendants,Hugo,,,,,,,,,,,,,,,,,,,,,,,,,,,,,,,,,,,,,,,,,,,,,,,,,,,,,,,,,,,
84,2013,26,85,Ang Lee,Argo,Christoph Waltz,Anne Hathaway,Inocente,Searching for Sugar Man,Life of Pi,Amour,,,"Grant Heslov, Ben Affleck and George Clooney, Producers",Jacqueline Durran,,,,Paperman,Curfew,Skyfall,Life of Pi,Daniel Day-Lewis,Jennifer Lawrence,,,,"Bill Westenhofer, Guillaume Rocheron, Erik-Jan De Boer and Donald R. Elliott",,,,,,,,,Django Unchained,,,,,,,,,,Skyfall,,,,,Brave,Argo,Les Misérables,,,,,,,,,,,,,,Lisa Westcott and Julie Dartnell,,,Lincoln,,,,,,,,,,,,,,,,,,,,,,,,,,,,,,,,,,,,,,,,,,
85,2014,26,86,Alfonso Cuarón,Gravity,Jared Leto,Lupita Nyong'o,The Lady in Number 6: Music Saved My Life,20 Feet from Stardom,Gravity,The Great Beauty,,,"Brad Pitt, Dede Gardner, Jeremy Kleiner, Steve McQueen and Anthony Katagas, Producers",Catherine Martin,,,,Mr. Hublot,Helium,Frozen,Gravity,Matthew McConaughey,Cate Blanchett,,,,"Tim Webber, Chris Lawrence, David Shirk and Neil Corbould",,,,,,,,,Her,,,,,,,,,,Gravity,,,,,Frozen,12 Years a Slave,Gravity,,,,,,,,,,,,,,Adruitha Lee and Robin Mathews,,,The Great Gatsby,,,,,,,,,,,,,,,,,,,,,,,,,,,,,,,,,,,,,,,,,,
86,2015,26,87,Alejandro G. Iñárritu,Whiplash,J.K. Simmons,Patricia Arquette,Crisis Hotline: Veterans Press 1,CitizenFour,Birdman or (The Unexpected Virtue of Ignorance),Ida,,,"Alejandro G. Iñárritu, John Lesher and James W. Skotchdopole, Producers",Milena Canonero,,,,Feast,The Phone Call,Selma,The Grand Budapest Hotel,Eddie Redmayne,Julianne Moore,,,,"Paul Franklin, Andrew Lockley, Ian Hunter and Scott Fisher",,,,,,,,,Birdman or (The Unexpected Virtue of Ignorance),,,,,,,,,,American Sniper,,,,,Big Hero 6,The Imitation Game,Whiplash,,,,,,,,,,,,,,Frances Hannon and Mark Coulier,,,The Grand Budapest Hotel,,,,,,,,,,,,,,,,,,,,,,,,,,,,,,,,,,,,,,,,,,
87,2016,26,88,Alejandro G. Iñárritu,Mad Max: Fury Road,Mark Rylance,Alicia Vikander,A Girl in the River: The Price of Forgiveness,Amy,The Revenant,Son of Saul,,,"Michael Sugar, Steve Golin, Nicole Rocklin and Blye Pagon Faust, Producers",Jenny Beavan,,,,Bear Story,Stutterer,Spectre,The Hateful Eight,Leonardo DiCaprio,Brie Larson,,,,"Andrew Whitehurst, Paul Norris, Mark Ardington and Sara Bennett",,,,,,,,,Spotlight,,,,,,,,,,Mad Max: Fury Road,,,,,Inside Out,The Big Short,Mad Max: Fury Road,,,,,,,,,,,,,,"Lesley Vanderwalt, Elka Wardega and Damian Martin",,,Mad Max: Fury Road,,,,,,,,,,,,,,,,,,,,,,,,,,,,,,,,,,,,,,,,,,
88,2017,25,89,Damien Chazelle,Hacksaw Ridge,Mahershala Ali,Viola Davis,The White Helmets,O.J.: Made in America,La La Land,The Salesman,,,"Adele Romanski, Dede Gardner and Jeremy Kleiner, Producers",Colleen Atwood,,,,Piper,Sing,La La Land,La La Land,Casey Affleck,Emma Stone,,,,"Robert Legato, Adam Valdez, Andrew R. Jones and Dan Lemmon",,,,,,,,,Manchester by the Sea,,,,,,,,,,Arrival,,,,,Zootopia,Moonlight,Hacksaw Ridge,,,,,,,,,,,,,,"Alessandro Bertolazzi, Giorgio Gregorini and Christopher Nelson",,,La La Land,,,,,,,,,,,,,,,,,,,,,,,,,,,,,,,,,,,,,,,,,,
